CREATE TABLE usuario (
    codigo BIGINT IDENTITY(1,1) PRIMARY KEY,
    nome VARCHAR(50) NOT NULL,
    email VARCHAR(50) NOT NULL,
    senha VARCHAR(255) NOT NULL
)

CREATE TABLE permissao (
	codigo BIGINT IDENTITY(1,1) PRIMARY KEY,
	descricao VARCHAR(50) NOT NULL
)

CREATE TABLE usuario_permissao (
	codigo_usuario BIGINT NOT NULL,
	codigo_permissao BIGINT NOT NULL,

	CONSTRAINT pk_usuario_permissao PRIMARY KEY (codigo_usuario, codigo_permissao)
)

ALTER TABLE usuario_permissao ADD CONSTRAINT fk_usuario_permissao_usuario
FOREIGN KEY (codigo_usuario) REFERENCES usuario(codigo)

ALTER TABLE usuario_permissao ADD CONSTRAINT fk_usuario_permissao_permissao
FOREIGN KEY (codigo_permissao) REFERENCES permissao(codigo)

SET IDENTITY_INSERT usuario ON;

INSERT INTO usuario (codigo, nome, email, senha) values (1, 'Administrador', 'admin@algamoney.com', '$2a$10$X607ZPhQ4EgGNaYKt3n4SONjIv9zc.VMWdEuhCuba7oLAL5IvcL5.');
INSERT INTO usuario (codigo, nome, email, senha) values (2, 'Maria Silva', 'maria@algamoney.com', '$2a$10$Zc3w6HyuPOPXamaMhh.PQOXvDnEsadztbfi6/RyZWJDzimE8WQjaq');

SET IDENTITY_INSERT usuario OFF;

SET IDENTITY_INSERT permissao ON;

INSERT INTO permissao (codigo, descricao) values (1, 'ROLE_CADASTRAR_CATEGORIA');
INSERT INTO permissao (codigo, descricao) values (2, 'ROLE_PESQUISAR_CATEGORIA');
INSERT INTO permissao (codigo, descricao) values (3, 'ROLE_CADASTRAR_PESSOA');
INSERT INTO permissao (codigo, descricao) values (4, 'ROLE_REMOVER_PESSOA');
INSERT INTO permissao (codigo, descricao) values (5, 'ROLE_PESQUISAR_PESSOA');
INSERT INTO permissao (codigo, descricao) values (6, 'ROLE_CADASTRAR_LANCAMENTO');
INSERT INTO permissao (codigo, descricao) values (7, 'ROLE_REMOVER_LANCAMENTO');
INSERT INTO permissao (codigo, descricao) values (8, 'ROLE_PESQUISAR_LANCAMENTO');

SET IDENTITY_INSERT permissao OFF;

-- admin
INSERT INTO usuario_permissao (codigo_usuario, codigo_permissao) values (1, 1);
INSERT INTO usuario_permissao (codigo_usuario, codigo_permissao) values (1, 2);
INSERT INTO usuario_permissao (codigo_usuario, codigo_permissao) values (1, 3);
INSERT INTO usuario_permissao (codigo_usuario, codigo_permissao) values (1, 4);
INSERT INTO usuario_permissao (codigo_usuario, codigo_permissao) values (1, 5);
INSERT INTO usuario_permissao (codigo_usuario, codigo_permissao) values (1, 6);
INSERT INTO usuario_permissao (codigo_usuario, codigo_permissao) values (1, 7);
INSERT INTO usuario_permissao (codigo_usuario, codigo_permissao) values (1, 8);

-- maria
INSERT INTO usuario_permissao (codigo_usuario, codigo_permissao) values (2, 2);
INSERT INTO usuario_permissao (codigo_usuario, codigo_permissao) values (2, 5);
INSERT INTO usuario_permissao (codigo_usuario, codigo_permissao) values (2, 8);